-- MySQL Script generated by MySQL Workbench
-- Mon Apr  1 20:49:19 2024
-- Model: New Model    Version: 1.0
-- MySQL Workbench Forward Engineering

SET @OLD_UNIQUE_CHECKS=@@UNIQUE_CHECKS, UNIQUE_CHECKS=0;
SET @OLD_FOREIGN_KEY_CHECKS=@@FOREIGN_KEY_CHECKS, FOREIGN_KEY_CHECKS=0;
SET @OLD_SQL_MODE=@@SQL_MODE, SQL_MODE='ONLY_FULL_GROUP_BY,STRICT_TRANS_TABLES,NO_ZERO_IN_DATE,NO_ZERO_DATE,ERROR_FOR_DIVISION_BY_ZERO,NO_ENGINE_SUBSTITUTION';

-- -----------------------------------------------------
-- Schema mydb
-- -----------------------------------------------------
-- -----------------------------------------------------
-- Schema demo
-- -----------------------------------------------------

-- -----------------------------------------------------
-- Schema demo
-- -----------------------------------------------------
CREATE SCHEMA IF NOT EXISTS `demo` DEFAULT CHARACTER SET utf8mb4 COLLATE utf8mb4_0900_ai_ci ;
USE `demo` ;

-- -----------------------------------------------------
-- Table `demo`.`user`
-- -----------------------------------------------------
CREATE TABLE IF NOT EXISTS `demo`.`user` (
  `ID` INT NOT NULL,
  `Name` VARCHAR(30) NOT NULL,
  `UserName` VARCHAR(45) NULL DEFAULT NULL,
  `Password` VARCHAR(45) NULL DEFAULT NULL,
  `Email` VARCHAR(45) NULL DEFAULT NULL,
  `Birthday` DATE NULL DEFAULT NULL,
  `Gender` VARCHAR(6) NULL DEFAULT NULL,
  PRIMARY KEY (`ID`))
ENGINE = InnoDB
DEFAULT CHARACTER SET = utf8mb4
COLLATE = utf8mb4_0900_ai_ci;


-- -----------------------------------------------------
-- Table `demo`.`tool`
-- -----------------------------------------------------
CREATE TABLE IF NOT EXISTS `demo`.`tool` (
  `ToolID` VARCHAR(20) NOT NULL,
  `ToolName` VARCHAR(45) NULL DEFAULT NULL,
  PRIMARY KEY (`ToolID`))
ENGINE = InnoDB
DEFAULT CHARACTER SET = utf8mb4
COLLATE = utf8mb4_0900_ai_ci;


-- -----------------------------------------------------
-- Table `demo`.`use_tool`
-- -----------------------------------------------------
CREATE TABLE IF NOT EXISTS `demo`.`use_tool` (
  `ID` INT NOT NULL,
  `ToolID` VARCHAR(20) NOT NULL,
  `Number` INT NULL DEFAULT NULL,
  PRIMARY KEY (`ID`, `ToolID`),
  INDEX `useToolID_idx` (`ToolID` ASC) VISIBLE,
  CONSTRAINT `ID_UseTool`
    FOREIGN KEY (`ID`)
    REFERENCES `demo`.`user` (`ID`),
  CONSTRAINT `Tool_UseTool`
    FOREIGN KEY (`ToolID`)
    REFERENCES `demo`.`tool` (`ToolID`))
ENGINE = InnoDB
DEFAULT CHARACTER SET = utf8mb4
COLLATE = utf8mb4_0900_ai_ci;


-- -----------------------------------------------------
-- Table `demo`.`calories`
-- -----------------------------------------------------
CREATE TABLE IF NOT EXISTS `demo`.`calories` (
  `caloID` VARCHAR(30) NOT NULL,
  `ID` INT NULL DEFAULT NULL,
  `Day` INT NULL DEFAULT NULL,
  `Calo_In` INT NULL DEFAULT NULL,
  `Calo_Out` INT NULL DEFAULT NULL,
  PRIMARY KEY (`caloID`),
  INDEX `Calo_User_idx` (`ID` ASC) VISIBLE,
  CONSTRAINT `Calo_User`
    FOREIGN KEY (`ID`)
    REFERENCES `demo`.`use_tool` (`ID`))
ENGINE = InnoDB
DEFAULT CHARACTER SET = utf8mb4
COLLATE = utf8mb4_0900_ai_ci;


-- -----------------------------------------------------
-- Table `demo`.`exercise`
-- -----------------------------------------------------
CREATE TABLE IF NOT EXISTS `demo`.`exercise` (
  `eID` VARCHAR(30) NOT NULL,
  `ID` INT NULL DEFAULT NULL,
  `Day` INT NULL DEFAULT NULL,
  `Excercise` LONGTEXT NULL DEFAULT NULL,
  `Time` INT NULL DEFAULT NULL,
  PRIMARY KEY (`eID`),
  INDEX `Exercise_User_idx` (`ID` ASC) VISIBLE,
  CONSTRAINT `Exercise_User`
    FOREIGN KEY (`ID`)
    REFERENCES `demo`.`use_tool` (`ID`))
ENGINE = InnoDB
DEFAULT CHARACTER SET = utf8mb4
COLLATE = utf8mb4_0900_ai_ci;


-- -----------------------------------------------------
-- Table `demo`.`food`
-- -----------------------------------------------------
CREATE TABLE IF NOT EXISTS `demo`.`food` (
  `foodID` VARCHAR(20) NOT NULL,
  `foodName` VARCHAR(45) NULL DEFAULT NULL,
  `Instruction` LONGTEXT NULL DEFAULT NULL,
  `Ingredients` LONGTEXT NULL DEFAULT NULL,
  `Calo` INT NULL DEFAULT NULL,
  PRIMARY KEY (`foodID`))
ENGINE = InnoDB
DEFAULT CHARACTER SET = utf8mb4
COLLATE = utf8mb4_0900_ai_ci;


SET SQL_MODE=@OLD_SQL_MODE;
SET FOREIGN_KEY_CHECKS=@OLD_FOREIGN_KEY_CHECKS;
SET UNIQUE_CHECKS=@OLD_UNIQUE_CHECKS;

-- -----------------------------------------------------
-- DATA
-- -----------------------------------------------------
-- T?o d? li?u cho b?ng Food

INSERT INTO `demo`.`food` (`foodID`, `foodName`, `Instruction`, `Ingredients`, `Calo`) VALUES
('food001', 'Grilled Chicken Salad', 'Grill chicken and mix with fresh vegetables.', 'Chicken, lettuce, tomatoes, cucumbers, onions, olive oil, vinegar', 300),
('food002', 'Vegetable Stir-Fry', 'Stir-fry mixed vegetables with soy sauce.', 'Broccoli, carrots, bell peppers, mushrooms, soy sauce', 250),
('food003', 'Salmon with Quinoa', 'Bake salmon and serve with cooked quinoa.', 'Salmon fillet, quinoa, lemon, olive oil, salt, pepper', 350),
('food004', 'Pasta Primavera', 'Cook pasta and toss with mixed vegetables and sauce.', 'Pasta, zucchini, yellow squash, cherry tomatoes, garlic, olive oil', 400),
('food005', 'Turkey and Avocado Wrap', 'Wrap sliced turkey and avocado in a whole wheat tortilla.', 'Turkey slices, avocado, whole wheat tortilla, lettuce, tomato', 320),
('food006', 'Oatmeal with Berries', 'Cook oatmeal and top with fresh berries.', 'Oats, milk, water, strawberries, blueberries, honey', 200),
('food007', 'Egg and Vegetable Breakfast Burrito', 'Scramble eggs with mixed vegetables and wrap in a tortilla.', 'Eggs, bell peppers, onions, spinach, tortilla', 280),
('food008', 'Mushroom Risotto', 'Slowly cook rice with mushrooms and broth until creamy.', 'Arborio rice, mushrooms, vegetable broth, onion, garlic, Parmesan cheese', 380),
('food009', 'Chicken and Vegetable Skewers', 'Thread chicken and vegetables onto skewers and grill.', 'Chicken breast, bell peppers, onions, zucchini, cherry tomatoes', 290),
('food010', 'Greek Salad', 'Combine chopped vegetables and feta cheese with olive oil and vinegar.', 'Lettuce, tomatoes, cucumbers, olives, feta cheese, olive oil, vinegar', 220),
('food011', 'Baked Sweet Potato', 'Bake sweet potatoes until tender and serve with toppings.', 'Sweet potatoes, butter, cinnamon, brown sugar', 180),
('food012', 'Tuna Salad Sandwich', 'Mix tuna with mayonnaise and serve on whole wheat bread with lettuce and tomato.', 'Canned tuna, mayonnaise, whole wheat bread, lettuce, tomato', 300),
('food013', 'Vegetarian Chili', 'Simmer mixed beans and vegetables in a spicy tomato sauce.', 'Kidney beans, black beans, tomatoes, bell peppers, onions, chili powder', 320),
('food014', 'Quinoa Salad', 'Combine cooked quinoa with chopped vegetables and vinaigrette.', 'Quinoa, bell peppers, cucumber, red onion, parsley, lemon juice', 250);

-- T?o d? li?u cho b?ng User
INSERT INTO `demo`.`user` (`ID`, `Name`, `UserName`, `Password`, `Email`, `Birthday`, `Gender`) VALUES
    (1, 'Nguy?n V?n An', 'nguyenvanan', 'keyword001', 'nguyenvanan@gm.uit.edu.vn', '2002-03-15', 'Male'),
    (2, 'Tr?n Th? Bình', 'tranthibinh', 'keyword002', 'tranthibinh@gm.uit.edu.vn', '2001-07-20', 'Female'),
    (3, 'Lê ?ình C??ng', 'ledinhcuong', 'keyword003', 'ledinhcuong@gm.uit.edu.vn', '2003-11-10', 'Male'),
    (4, 'Ph?m Th? Dung', 'phamthidung', 'keyword004', 'phamthidung@gm.uit.edu.vn', '2004-01-25', 'Female'),
    (5, 'Hoàng V?n D??ng', 'hoangvanduong', 'keyword005', 'hoangvanduong@gm.uit.edu.vn', '2001-09-05', 'Male'),
    (6, 'V? Th? Hà', 'vuthiha', 'keyword006', 'vuthiha@gm.uit.edu.vn', '2002-05-12', 'Female'),
    (7, '??ng V?n H?i', 'dangvanhai', 'keyword007', 'dangvanhai@gm.uit.edu.vn', '2003-04-30', 'Male'),
    (8, 'Bùi Th? Lan', 'buithilan', 'keyword008', 'buithilan@gm.uit.edu.vn', '2004-02-18', 'Female'),
    (9, 'Nguy?n V?n Long', 'nguyenvanlong', 'keyword009', 'nguyenvanlong@gm.uit.edu.vn', '2001-10-09', 'Male'),
    (10, 'Tr?n Th? Mai', 'tranthimai', 'keyword010', 'tranthimai@gm.uit.edu.vn', '2002-06-28', 'Female'),
    (11, 'Lê ?ình Ngh?a', 'ledinhnghia', 'keyword011', 'ledinhnghia@gm.uit.edu.vn', '2003-03-17', 'Male'),
    (12, 'Ph?m Th? Ng?c', 'phamthingoc', 'keyword012', 'phamthingoc@gm.uit.edu.vn', '2004-01-07', 'Female'),
    (13, 'Hoàng V?n Phong', 'hoangvanphong', 'keyword013', 'hoangvanphong@gm.uit.edu.vn', '2001-12-23', 'Male'),
    (14, 'V? Th? Qu?nh', 'vuthiquynh', 'keyword014', 'vuthiquynh@gm.uit.edu.vn', '2002-08-10', 'Female'),
    (15, '??ng V?n S?n', 'dangvanson', 'keyword015', 'dangvanson@gm.uit.edu.vn', '2003-05-29', 'Male'),
    (16, 'Bùi Th? Tâm', 'buithitam', 'keyword016', 'buithitam@gm.uit.edu.vn', '2004-03-19', 'Female'),
    (17, 'Nguy?n V?n Tùng', 'nguyenvantung', 'keyword017', 'nguyenvantung@gm.uit.edu.vn', '2001-11-11', 'Male'),
    (18, 'Tr?n Th? Uyên', 'tranthiuyen', 'keyword018', 'tranthiuyen@gm.uit.edu.vn', '2002-07-06', 'Female'),
    (19, 'Lê ?ình V?', 'ledinhvu', 'keyword019', 'ledinhvu@gm.uit.edu.vn', '2003-04-25', 'Male'),
    (20, 'Ph?m Th? Y?n', 'phamthiyen', 'keyword020', 'phamthiyen@gm.uit.edu.vn', '2004-02-13', 'Female'),
    (21, 'Hoàng V?n Anh', 'hoangvananh', 'keyword021', 'hoangvananh@gm.uit.edu.vn', '2001-10-03', 'Male'),
    (22, 'V? Th? B?o', 'vuthibao', 'keyword022', 'vuthibao@gm.uit.edu.vn', '2002-06-22', 'Female'),
    (23, '??ng V?n Công', 'dangvancong', 'keyword023', 'dangvancong@gm.uit.edu.vn', '2003-03-11', 'Male'),
    (24, 'Bùi Th? D??ng', 'buithiduong', 'keyword024', 'buithiduong@gm.uit.edu.vn', '2004-01-31', 'Female'),
    (25, 'Nguy?n V?n ??t', 'nguyenvandat', 'keyword025', 'nguyenvandat@gm.uit.edu.vn', '2001-09-21', 'Male'),
    (26, 'Tr?n Th? Di?u', 'tranthidieu', 'keyword026', 'tranthidieu@gm.uit.edu.vn', '2002-05-08', 'Female'),
    (27, 'Lê ?ình ??t', 'ledinhdat', 'keyword027', 'ledinhdat@gm.uit.edu.vn', '2003-01-27', 'Male'),
    (28, 'Ph?m Th? ?ông', 'phamthidong', 'keyword028', 'phamthidong@gm.uit.edu.vn', '2004-10-17', 'Female'),
    (29, 'Hoàng V?n ??c', 'hoangvanduc', 'keyword029', 'hoangvanduc@gm.uit.edu.vn', '2001-07-07', 'Male'),
    (30, 'V? Th? Giang', 'vuthigiang', 'keyword030', 'vuthigiang@gm.uit.edu.vn', '2002-03-26', 'Female'),
    (31, '??ng V?n Hòa', 'dangvanhoa', 'keyword031', 'dangvanhoa@gm.uit.edu.vn', '2003-12-15', 'Male'),
    (32, 'Bùi Th? Hoài', 'buithihoai', 'keyword032', 'buithihoai@gm.uit.edu.vn', '2004-08-05', 'Female'),
    (33, 'Nguy?n V?n Hùng', 'nguyenvanhung', 'keyword033', 'nguyenvanhung@gm.uit.edu.vn', '2001-05-26', 'Male'),
    (34, 'Tr?n Th? H??ng', 'tranthihuong', 'keyword034', 'tranthihuong@gm.uit.edu.vn', '2002-01-14', 'Female'),
    (35, 'Lê ?ình H?ng', 'ledinhhung', 'keyword035', 'ledinhhung@gm.uit.edu.vn', '2003-10-04', 'Male'),
    (36, 'Ph?m Th? Hu?', 'phamthihue', 'keyword036', 'phamthihue@gm.uit.edu.vn', '2004-06-23', 'Female'),
    (37, 'Hoàng V?n Khánh', 'hoangvankhanh', 'keyword037', 'hoangvankhanh@gm.uit.edu.vn', '2001-03-13', 'Male'),
    (38, 'V? Th? Kim', 'vuthikim', 'keyword038', 'vuthikim@gm.uit.edu.vn', '2002-11-02', 'Female'),
    (39, '??ng V?n Lâm', 'dangvanlam', 'keyword039', 'dangvanlam@gm.uit.edu.vn', '2003-07-22', 'Male'),
    (40, 'Bùi Th? Loan', 'buithiloan', 'keyword040', 'buithiloan@gm.uit.edu.vn', '2004-04-11', 'Female'),
    (41, 'Nguy?n V?n L?c', 'nguyenvanloc', 'keyword041', 'nguyenvanloc@gm.uit.edu.vn', '2001-01-31', 'Male'),
    (42, 'Tr?n Th? Mai', 'tranthimai', 'keyword042', 'tranthimai@gm.uit.edu.vn', '2002-09-20', 'Female'),
    (43, 'Lê ?ình Nam', 'ledinhnam', 'keyword043', 'ledinhnam@gm.uit.edu.vn', '2003-06-10', 'Male'),
    (44, 'Ph?m Th? Nga', 'phamthinga', 'keyword044', 'phamthinga@gm.uit.edu.vn', '2004-02-28', 'Female'),
    (45, 'Hoàng V?n Nhân', 'hoangvannhan', 'keyword045', 'hoangvannhan@gm.uit.edu.vn', '2001-12-19', 'Male'),
    (46, 'V? Th? Oanh', 'vuthioanh', 'keyword046', 'vuthioanh@gm.uit.edu.vn', '2002-08-08', 'Female'),
    (47, '??ng V?n Phúc', 'dangvanphuc', 'keyword047', 'dangvanphuc@gm.uit.edu.vn', '2003-04-28', 'Male'),
    (48, 'Bùi Th? Ph??ng', 'buithiphuong', 'keyword048', 'buithiphuong@gm.uit.edu.vn', '2004-01-17', 'Female'),
    (49, 'Nguy?n V?n Quân', 'nguyenvanquan', 'keyword049', 'nguyenvanquan@gm.uit.edu.vn', '2001-09-07', 'Male'),
    (50, 'Tr?n Th? Qu?nh', 'tranthiquynh', 'keyword050', 'tranthiquynh@gm.uit.edu.vn', '2002-05-26', 'Female'),
    (51, 'Lê ?ình S?n', 'ledinhson', 'keyword051', 'ledinhson@gm.uit.edu.vn', '2003-02-14', 'Male'),
    (52, 'Ph?m Th? Tâm', 'phamthitam', 'keyword052', 'phamthitam@gm.uit.edu.vn', '2004-10-05', 'Female'),
    (53, 'Hoàng V?n Th?ng', 'hoangvanthang', 'keyword053', 'hoangvanthang@gm.uit.edu.vn', '2001-07-25', 'Male'),
    (54, 'V? Th? Th?o', 'vuthithao', 'keyword054', 'vuthithao@gm.uit.edu.vn', '2002-04-14', 'Female'),
    (55, '??ng V?n Thành', 'dangvanthanh', 'keyword055', 'dangvanthanh@gm.uit.edu.vn', '2003-01-03', 'Male'),
    (56, 'Bùi Th? Thu', 'buithithu', 'keyword056', 'buithithu@gm.uit.edu.vn', '2004-08-24', 'Female'),
    (57, 'Nguy?n V?n Th?nh', 'nguyenvanthinh', 'keyword057', 'nguyenvanthinh@gm.uit.edu.vn', '2001-06-13', 'Male'),
    (58, 'Tr?n Th? Trang', 'tranthitrang', 'keyword058', 'tranthitrang@gm.uit.edu.vn', '2002-02-02', 'Female'),
    (59, 'Lê ?ình Tu?n', 'ledinhtuan', 'keyword059', 'ledinhtuan@gm.uit.edu.vn', '2003-11-22', 'Male'),
    (60, 'Ph?m Th? Tuy?t', 'phamthituyet', 'keyword060', 'phamthituyet@gm.uit.edu.vn', '2004-07-12', 'Female'),
    (61, 'Hoàng V?n Tâm', 'hoangvantam', 'keyword061', 'hoangvantam@gm.uit.edu.vn', '2001-05-01', 'Male'),
    (62, 'V? Th? Uyên', 'vuthiuyen', 'keyword062', 'vuthiuyen@gm.uit.edu.vn', '2002-12-20', 'Female'),
    (63, '??ng V?n V??ng', 'dangvanvuong', 'keyword063', 'dangvanvuong@gm.uit.edu.vn', '2003-08-10', 'Male'),
    (64, 'Bùi Th? Vy', 'buithivy', 'keyword064', 'buithivy@gm.uit.edu.vn', '2004-04-30', 'Female'),
    (65, 'Nguy?n V?n Xuân', 'nguyenvanxuan', 'keyword065', 'nguyenvanxuan@gm.uit.edu.vn', '2001-01-20', 'Male'),
    (66, 'Tr?n Th? Xuân', 'tranthixuan', 'keyword066', 'tranthixuan@gm.uit.edu.vn', '2002-08-10', 'Female'),
    (67, 'Lê ?ình Y?n', 'ledinhyen', 'keyword067', 'ledinhyen@gm.uit.edu.vn', '2003-05-30', 'Male'),
    (68, 'Ph?m Th? Y?n', 'phamthiyen', 'keyword068', 'phamthiyen@gm.uit.edu.vn', '2004-02-18', 'Female'),
    (69, 'Hoàng V?n Anh', 'hoangvananh', 'keyword069', 'hoangvananh@gm.uit.edu.vn', '2001-11-08', 'Male'),
    (70, 'V? Th? B?o', 'vuthibao', 'keyword070', 'vuthibao@gm.uit.edu.vn', '2002-07-27', 'Female'),
    (71, '??ng V?n C??ng', 'dangvancuong', 'keyword071', 'dangvancuong@gm.uit.edu.vn', '2003-04-15', 'Male'),
    (72, 'Bùi Th? Dung', 'buithidung', 'keyword072', 'buithidung@gm.uit.edu.vn', '2004-01-05', 'Female'),
    (73, 'Nguy?n V?n D?ng', 'nguyenvandung', 'keyword073', 'nguyenvandung@gm.uit.edu.vn', '2001-09-25', 'Male'),
    (74, 'Tr?n Th? Di?u', 'tranthidieu', 'keyword074', 'tranthidieu@gm.uit.edu.vn', '2002-06-14', 'Female'),
    (75, 'Lê ?ình ??c', 'ledinhduc', 'keyword075', 'ledinhduc@gm.uit.edu.vn', '2003-02-03', 'Male'),
    (76, 'Ph?m Th? ?ào', 'phamthidao', 'keyword076', 'phamthidao@gm.uit.edu.vn', '2004-11-23', 'Female'),
    (77, 'Hoàng V?n ??t', 'hoangvandat', 'keyword077', 'hoangvandat@gm.uit.edu.vn', '2001-07-13', 'Male'),
    (78, 'V? Th? Di?u', 'vuthidieu', 'keyword078', 'vuthidieu@gm.uit.edu.vn', '2002-04-02', 'Female'),
    (79, '??ng V?n ??c', 'dangvanduc', 'keyword079', 'dangvanduc@gm.uit.edu.vn', '2003-12-22', 'Male'),
    (80, 'Bùi Th? Giang', 'buithigiang', 'keyword080', 'buithigiang@gm.uit.edu.vn', '2004-08-11', 'Female'),
    (81, 'Nguy?n V?n H?i', 'nguyenvanhai', 'keyword081', 'nguyenvanhai@gm.uit.edu.vn', '2001-05-02', 'Male'),
    (82, 'Tr?n Th? Hà', 'tranthiha', 'keyword082', 'tranthiha@gm.uit.edu.vn', '2002-01-21', 'Female'),
    (83, 'Lê ?ình H?nh', 'ledinhanh', 'keyword083', 'ledinhanh@gm.uit.edu.vn', '2003-10-11', 'Male'),
    (84, 'Ph?m Th? Hoa', 'phamthihoa', 'keyword084', 'phamthihoa@gm.uit.edu.vn', '2004-06-30', 'Female'),
    (85, 'Hoàng V?n Hùng', 'hoangvanhung', 'keyword085', 'hoangvanhung@gm.uit.edu.vn', '2001-03-20', 'Male'),
    (86, 'V? Th? H??ng', 'vuthihuong', 'keyword086', 'vuthihuong@gm.uit.edu.vn', '2002-11-09', 'Female'),
    (87, '??ng V?n Huy', 'dangvanhuy', 'keyword087', 'dangvanhuy@gm.uit.edu.vn', '2003-07-29', 'Male'),
    (88, 'Bùi Th? Lan', 'buithilan', 'keyword088', 'buithilan@gm.uit.edu.vn', '2004-04-18', 'Female'),
    (89, 'Nguy?n V?n L?i', 'nguyenvanloi', 'keyword089', 'nguyenvanloi@gm.uit.edu.vn', '2001-12-08', 'Male'),
    (90, 'Tr?n Th? Mai', 'tranthimai', 'keyword090', 'tranthimai@gm.uit.edu.vn', '2002-08-28', 'Female'),
    (91, 'Lê ?ình Minh', 'ledinhminh', 'keyword091', 'ledinhminh@gm.uit.edu.vn', '2003-05-18', 'Male'),
    (92, 'Ph?m Th? Ng?c', 'phamthingoc', 'keyword092', 'phamthingoc@gm.uit.edu.vn', '2004-02-07', 'Female'),
    (93, 'Hoàng V?n Ngh?a', 'hoangvannghia', 'keyword093', 'hoangvannghia@gm.uit.edu.vn', '2001-10-28', 'Male'),
    (94, 'V? Th? Ph??ng', 'vuthiphuong', 'keyword094', 'vuthiphuong@gm.uit.edu.vn', '2002-07-17', 'Female'),
    (95, '??ng V?n Ph??c', 'dangvanphuoc', 'keyword095', 'dangvanphuoc@gm.uit.edu.vn', '2003-04-06', 'Male'),
    (96, 'Bùi Th? Qu?nh', 'buithiquynh', 'keyword096', 'buithiquynh@gm.uit.edu.vn', '2004-12-27', 'Female'),
    (97, 'Nguy?n V?n Quang', 'nguyenvanquang', 'keyword097', 'nguyenvanquang@gm.uit.edu.vn', '2001-08-17', 'Male'),
    (98, 'Tr?n Th? Thanh', 'tranthithanh', 'keyword098', 'tranthithanh@gm.uit.edu.vn', '2002-05-07', 'Female'),
    (99, 'Lê ?ình Tu?n', 'ledinhtuan', 'keyword099', 'ledinhtuan@gm.uit.edu.vn', '2003-01-27', 'Male'),
    (100, 'Ph?m Th? Uyên', 'phamthiuyen', 'keyword100', 'phamthiuyen@gm.uit.edu.vn', '2004-10-17', 'Female');

-- T?o d? li?u cho b?ng Tool
INSERT INTO `demo`.`tool` (`ToolID`, `ToolName`) VALUES
('FT', 'Food Tool'),
('CT', 'Calories Tool'),
('ET', 'Exercise Tool');

-- T?o d? li?u cho b?ng Use_tool
INSERT INTO `demo`.`use_tool` (`ID`, `ToolID`, `Number`) VALUES
    (1, 'FT', 23),
    (1, 'CT', 37),
    (1, 'ET', 48),
    (2, 'FT', 17),
    (2, 'CT', 56),
    (2, 'ET', 29),
    (3, 'FT', 19),
    (3, 'CT', 42),
    (3, 'ET', 53),
    (4, 'FT', 8),
    (4, 'CT', 59),
    (4, 'ET', 74),
    (5, 'FT', 27),
    (5, 'CT', 48),
    (5, 'ET', 16),
    (6, 'FT', 32),
    (6, 'CT', 44),
    (6, 'ET', 21),
    (7, 'FT', 39),
    (7, 'CT', 63),
    (7, 'ET', 13),
    (8, 'FT', 41),
    (8, 'CT', 71),
    (8, 'ET', 52),
    (9, 'FT', 25),
    (9, 'CT', 29),
    (9, 'ET', 33),
    (10, 'FT', 47),
    (10, 'CT', 36),
    (10, 'ET', 58),
    (11, 'FT', 12),
    (11, 'CT', 46),
    (11, 'ET', 19),
    (12, 'FT', 58),
    (12, 'CT', 24),
    (12, 'ET', 27),
    (13, 'FT', 40),
    (13, 'CT', 51),
    (13, 'ET', 67),
    (14, 'FT', 36),
    (14, 'CT', 12),
    (14, 'ET', 44),
    (15, 'FT', 24),
    (15, 'CT', 30),
    (15, 'ET', 53),
    (16, 'FT', 42),
    (16, 'CT', 19),
    (16, 'ET', 77),
    (17, 'FT', 49),
    (17, 'CT', 67),
    (17, 'ET', 37),
    (18, 'FT', 13),
    (18, 'CT', 47),
    (18, 'ET', 25),
    (19, 'FT', 22),
    (19, 'CT', 28),
    (19, 'ET', 54),
    (20, 'FT', 36),
    (20, 'CT', 39),
    (20, 'ET', 59),
    (21, 'FT', 14),
    (21, 'CT', 47),
    (21, 'ET', 18),
    (22, 'FT', 67),
    (22, 'CT', 28),
    (22, 'ET', 33),
    (23, 'FT', 44),
    (23, 'CT', 57),
    (23, 'ET', 66),
    (24, 'FT', 31),
    (24, 'CT', 17),
    (24, 'ET', 42),
    (25, 'FT', 25),
    (25, 'CT', 38),
    (25, 'ET', 62),
    (26, 'FT', 47),
    (26, 'CT', 22),
    (26, 'ET', 83),
    (27, 'FT', 51),
    (27, 'CT', 72),
    (27, 'ET', 38),
    (28, 'FT', 15),
    (28, 'CT', 49),
    (28, 'ET', 27),
    (29, 'FT', 24),
    (29, 'CT', 30),
    (29, 'ET', 61),
    (30, 'FT', 42),
    (30, 'CT', 41),
    (30, 'ET', 67),
    (31, 'FT', 17),
    (31, 'CT', 50),
    (31, 'ET', 19),
    (32, 'FT', 69),
    (32, 'CT', 30),
    (32, 'ET', 34),
    (33, 'FT', 45),
    (33, 'CT', 58),
    (33, 'ET', 70),
    (34, 'FT', 39),
    (34, 'CT', 11),
    (34, 'ET', 48),
    (35, 'FT', 26),
    (35, 'CT', 31),
    (35, 'ET', 63),
    (36, 'FT', 47),
    (36, 'CT', 20),
    (36, 'ET', 84),
    (37, 'FT', 53),
    (37, 'CT', 74),
    (37, 'ET', 41),
    (38, 'FT', 16),
    (38, 'CT', 48),
    (38, 'ET', 29),
    (39, 'FT', 27),
    (39, 'CT', 33),
    (39, 'ET', 64),
    (40, 'FT', 43),
    (40, 'CT', 45),
    (40, 'ET', 69),
    (41, 'FT', 18),
    (41, 'CT', 52),
    (41, 'ET', 21),
    (42, 'FT', 72),
    (42, 'CT', 32),
    (42, 'ET', 36),
    (43, 'FT', 47),
    (43, 'CT', 60),
    (43, 'ET', 73),
    (44, 'FT', 41),
    (44, 'CT', 13),
    (44, 'ET', 49),
    (45, 'FT', 28),
    (45, 'CT', 35),
    (45, 'ET', 65),
    (46, 'FT', 49),
    (46, 'CT', 21),
    (46, 'ET', 85),
    (47, 'FT', 54),
    (47, 'CT', 75),
    (47, 'ET', 43),
    (48, 'FT', 17),
    (48, 'CT', 51),
    (48, 'ET', 31),
    (49, 'FT', 28),
    (49, 'CT', 34),
    (49, 'ET', 66),
    (50, 'FT', 44),
    (50, 'CT', 46),
    (50, 'ET', 70),
    (51, 'FT', 36),
    (51, 'CT', 47),
    (51, 'ET', 19),
    (52, 'FT', 73),
    (52, 'CT', 31),
    (52, 'ET', 35),
    (53, 'FT', 48),
    (53, 'CT', 61),
    (53, 'ET', 74),
    (54, 'FT', 42),
    (54, 'CT', 14),
    (54, 'ET', 50),
    (55, 'FT', 29),
    (55, 'CT', 36),
    (55, 'ET', 68),
    (56, 'FT', 45),
    (56, 'CT', 56),
    (56, 'ET', 71),
    (57, 'FT', 39),
    (57, 'CT', 13),
    (57, 'ET', 54),
    (58, 'FT', 26),
    (58, 'CT', 32),
    (58, 'ET', 66),
    (59, 'FT', 47),
    (59, 'CT', 21),
    (59, 'ET', 82),
    (60, 'FT', 54),
    (60, 'CT', 73),
    (60, 'ET', 40),
    (61, 'FT', 19),
    (61, 'CT', 53),
    (61, 'ET', 32),
    (62, 'FT', 45),
    (62, 'CT', 59),
    (62, 'ET', 78),
    (63, 'FT', 33),
    (63, 'CT', 12),
    (63, 'ET', 45),
    (64, 'FT', 27),
    (64, 'CT', 34),
    (64, 'ET', 67),
    (65, 'FT', 49),
    (65, 'CT', 44),
    (65, 'ET', 91),
    (66, 'FT', 56),
    (66, 'CT', 75),
    (66, 'ET', 42),
    (67, 'FT', 21),
    (67, 'CT', 54),
    (67, 'ET', 35),
    (68, 'FT', 47),
    (68, 'CT', 61),
    (68, 'ET', 84),
    (69, 'FT', 37),
    (69, 'CT', 17),
    (69, 'ET', 52),
    (70, 'FT', 28),
    (70, 'CT', 35),
    (70, 'ET', 72),
    (71, 'FT', 51),
    (71, 'CT', 47),
    (71, 'ET', 94),
    (72, 'FT', 43),
    (72, 'CT', 16),
    (72, 'ET', 59),
    (73, 'FT', 32),
    (73, 'CT', 37),
    (73, 'ET', 75),
    (74, 'FT', 49),
    (74, 'CT', 63),
    (74, 'ET', 82),
    (75, 'FT', 39),
    (75, 'CT', 14),
    (75, 'ET', 47),
    (76, 'FT', 27),
    (76, 'CT', 33),
    (76, 'ET', 68),
    (77, 'FT', 53),
    (77, 'CT', 54),
    (77, 'ET', 91),
    (78, 'FT', 36),
    (78, 'CT', 21),
    (78, 'ET', 53),
    (79, 'FT', 29),
    (79, 'CT', 38),
    (79, 'ET', 75),
    (80, 'FT', 46),
    (80, 'CT', 47),
    (80, 'ET', 97),
    (81, 'FT', 42),
    (81, 'CT', 18),
    (81, 'ET', 61),
    (82, 'FT', 33),
    (82, 'CT', 37),
    (82, 'ET', 79),
    (83, 'FT', 54),
    (83, 'CT', 66),
    (83, 'ET', 85),
    (84, 'FT', 39),
    (84, 'CT', 13),
    (84, 'ET', 44),
    (85, 'FT', 27),
    (85, 'CT', 34),
    (85, 'ET', 71),
    (86, 'FT', 51),
    (86, 'CT', 45),
    (86, 'ET', 96),
    (87, 'FT', 44),
    (87, 'CT', 19),
    (87, 'ET', 62),
    (88, 'FT', 32),
    (88, 'CT', 38),
    (88, 'ET', 77),
    (89, 'FT', 49),
    (89, 'CT', 50),
    (89, 'ET', 84),
    (90, 'FT', 36),
    (90, 'CT', 22),
    (90, 'ET', 56),
    (91, 'FT', 29),
    (91, 'CT', 39),
    (91, 'ET', 71),
    (92, 'FT', 46),
    (92, 'CT', 48),
    (92, 'ET', 92),
    (93, 'FT', 42),
    (93, 'CT', 19),
    (93, 'ET', 63),
    (94, 'FT', 33),
    (94, 'CT', 39),
    (94, 'ET', 82),
    (95, 'FT', 54),
    (95, 'CT', 67),
    (95, 'ET', 88),
    (96, 'FT', 39),
    (96, 'CT', 14),
    (96, 'ET', 49),
    (97, 'FT', 26),
    (97, 'CT', 33),
    (97, 'ET', 79),
    (98, 'FT', 51),
    (98, 'CT', 46),
    (98, 'ET', 94),
    (99, 'FT', 44),
    (99, 'CT', 17),
    (99, 'ET', 61),
    (100, 'FT', 32),
    (100, 'CT', 38),
    (100, 'ET', 77);

-- T?o d? li?u cho b?ng Calories
INSERT INTO `demo`.`calories` (`caloID`, `ID`, `Day`, `Calo_In`, `Calo_Out`) VALUES
('1_day1', 1, 1, 1800, 2000),
('1_day2', 1, 2, 1900, 2200),
('1_day3', 1, 3, 1700, 2100),
('1_day4', 1, 4, 1850, 2050),
('1_day5', 1, 5, 1950, 2150),
('1_day6', 1, 6, 1750, 1950),
('1_day7', 1, 7, 1800, 2000),
('1_day8', 1, 8, 1870, 2070),
('1_day9', 1, 9, 1920, 2120),
('1_day10', 1, 10, 1830, 2030),
('1_day11', 1, 11, 1770, 1970),
('1_day12', 1, 12, 1900, 2100),
('1_day13', 1, 13, 2000, 2200),
('1_day14', 1, 14, 1950, 2150),
('1_day15', 1, 15, 1850, 2050),
('1_day16', 1, 16, 1800, 2000),
('1_day17', 1, 17, 1750, 1950),
('1_day18', 1, 18, 1900, 2100),
('1_day19', 1, 19, 1930, 2130),
('1_day20', 1, 20, 2000, 2200),
('2_day1', 2, 1, 1600, 1900),
('2_day2', 2, 2, 2000, 2300),
('2_day3', 2, 3, 1800, 2100),
('2_day4', 2, 4, 1700, 2000),
('2_day5', 2, 5, 1850, 2100),
('2_day6', 2, 6, 1700, 2000),
('2_day7', 2, 7, 1800, 2100),
('2_day8', 2, 8, 1900, 2200),
('2_day9', 2, 9, 1950, 2250),
('2_day10', 2, 10, 1830, 2080),
('2_day11', 2, 11, 1770, 2020),
('2_day12', 2, 12, 1900, 2200),
('2_day13', 2, 13, 2000, 2300),
('2_day14', 2, 14, 1950, 2200),
('2_day15', 2, 15, 1850, 2100),
('2_day16', 2, 16, 1800, 2100),
('2_day17', 2, 17, 1750, 2000),
('2_day18', 2, 18, 1900, 2200),
('2_day19', 2, 19, 1930, 2150),
('2_day20', 2, 20, 2000, 2250),
('3_day1', 3, 1, 1700, 2000),
('3_day2', 3, 2, 1800, 2200),
('3_day3', 3, 3, 1600, 2100),
('3_day4', 3, 4, 1750, 2000),
('3_day5', 3, 5, 1900, 2200),
('3_day6', 3, 6, 1750, 2050),
('3_day7', 3, 7, 1700, 2000),
('3_day8', 3, 8, 1850, 2100),
('3_day9', 3, 9, 1900, 2150),
('3_day10', 3, 10, 1800, 2050),
('3_day11', 3, 11, 1750, 2000),
('3_day12', 3, 12, 1900, 2200),
('3_day13', 3, 13, 2000, 2300),
('3_day14', 3, 14, 1950, 2200),
('3_day15', 3, 15, 1850, 2100),
('3_day16', 3, 16, 1800, 2100),
('3_day17', 3, 17, 1750, 2000),
('3_day18', 3, 18, 1900, 2200),
('3_day19', 3, 19, 1930, 2150),
('3_day20', 3, 20, 2000, 2250),
('4_day1', 4, 1, 1600, 1900),
('4_day2', 4, 2, 1750, 2100),
('4_day3', 4, 3, 1650, 2000),
('4_day4', 4, 4, 1700, 1950),
('4_day5', 4, 5, 1850, 2150),
('4_day6', 4, 6, 1750, 2000),
('4_day7', 4, 7, 1700, 1950),
('4_day8', 4, 8, 1850, 2150),
('4_day9', 4, 9, 1900, 2200),
('4_day10', 4, 10, 1800, 2100),
('4_day11', 4, 11, 1750, 2000),
('4_day12', 4, 12, 1900, 2200),
('4_day13', 4, 13, 2000, 2300),
('4_day14', 4, 14, 1950, 2200),
('4_day15', 4, 15, 1850, 2100),
('4_day16', 4, 16, 1800, 2100),
('4_day17', 4, 17, 1750, 2000),
('4_day18', 4, 18, 1900, 2200),
('4_day19', 4, 19, 1930, 2150),
('4_day20', 4, 20, 2000, 2250),
('5_day1', 5, 1, 1700, 2000),
('5_day2', 5, 2, 1800, 2100),
('5_day3', 5, 3, 1600, 2000),
('5_day4', 5, 4, 1750, 2050),
('5_day5', 5, 5, 1900, 2150),
('5_day6', 5, 6, 1750, 2000),
('5_day7', 5, 7, 1700, 1950),
('5_day8', 5, 8, 1850, 2150),
('5_day9', 5, 9, 1900, 2200),
('5_day10', 5, 10, 1800, 2100),
('5_day11', 5, 11, 1750, 2000),
('5_day12', 5, 12, 1900, 2200),
('5_day13', 5, 13, 2000, 2300),
('5_day14', 5, 14, 1950, 2200),
('5_day15', 5, 15, 1850, 2100),
('5_day16', 5, 16, 1800, 2100),
('5_day17', 5, 17, 1750, 2000),
('5_day18', 5, 18, 1900, 2200),
('5_day19', 5, 19, 1930, 2150),
('5_day20', 5, 20, 2000, 2250);
('6_day1', 6, 1, 1750, 2050),
('6_day2', 6, 2, 1800, 2100),
('6_day3', 6, 3, 1650, 2000),
('6_day4', 6, 4, 1700, 1950),
('6_day5', 6, 5, 1850, 2150),
('6_day6', 6, 6, 1750, 2000),
('6_day7', 6, 7, 1700, 1950),
('6_day8', 6, 8, 1850, 2150),
('6_day9', 6, 9, 1900, 2200),
('6_day10', 6, 10, 1800, 2100),
('6_day11', 6, 11, 1750, 2000),
('6_day12', 6, 12, 1900, 2200),
('6_day13', 6, 13, 2000, 2300),
('6_day14', 6, 14, 1950, 2200),
('6_day15', 6, 15, 1850, 2100),
('6_day16', 6, 16, 1800, 2100),
('6_day17', 6, 17, 1750, 2000),
('6_day18', 6, 18, 1900, 2200),
('6_day19', 6, 19, 1930, 2150),
('6_day20', 6, 20, 2000, 2250),
('7_day1', 7, 1, 1700, 2000),
('7_day2', 7, 2, 1800, 2100),
('7_day3', 7, 3, 1600, 2000),
('7_day4', 7, 4, 1750, 2050),
('7_day5', 7, 5, 1900, 2150),
('7_day6', 7, 6, 1750, 2000),
('7_day7', 7, 7, 1700, 1950),
('7_day8', 7, 8, 1850, 2150),
('7_day9', 7, 9, 1900, 2200),
('7_day10', 7, 10, 1800, 2100),
('7_day11', 7, 11, 1750, 2000),
('7_day12', 7, 12, 1900, 2200),
('7_day13', 7, 13, 2000, 2300),
('7_day14', 7, 14, 1950, 2200),
('7_day15', 7, 15, 1850, 2100),
('7_day16', 7, 16, 1800, 2100),
('7_day17', 7, 17, 1750, 2000),
('7_day18', 7, 18, 1900, 2200),
('7_day19', 7, 19, 1930, 2150),
('7_day20', 7, 20, 2000, 2250),
('8_day1', 8, 1, 1600, 1900),
('8_day2', 8, 2, 1750, 2100),
('8_day3', 8, 3, 1650, 2000),
('8_day4', 8, 4, 1700, 1950),
('8_day5', 8, 5, 1850, 2150),
('8_day6', 8, 6, 1750, 2000),
('8_day7', 8, 7, 1700, 1950),
('8_day8', 8, 8, 1850, 2150),
('8_day9', 8, 9, 1900, 2200),
('8_day10', 8, 10, 1800, 2100),
('8_day11', 8, 11, 1750, 2000),
('8_day12', 8, 12, 1900, 2200),
('8_day13', 8, 13, 2000, 2300),
('8_day14', 8, 14, 1950, 2200),
('8_day15', 8, 15, 1850, 2100),
('8_day16', 8, 16, 1800, 2100),
('8_day17', 8, 17, 1750, 2000),
('8_day18', 8, 18, 1900, 2200),
('8_day19', 8, 19, 1930, 2150),
('8_day20', 8, 20, 2000, 2250),
('9_day1', 9, 1, 1700, 2000),
('9_day2', 9, 2, 1800, 2100),
('9_day3', 9, 3, 1600, 2000),
('9_day4', 9, 4, 1750, 2050),
('9_day5', 9, 5, 1900, 2150),
('9_day6', 9, 6, 1750, 2000),
('9_day7', 9, 7, 1700, 1950),
('9_day8', 9, 8, 1850, 2150),
('9_day9', 9, 9, 1900, 2200),
('9_day10', 9, 10, 1800, 2100),
('9_day11', 9, 11, 1750, 2000),
('9_day12', 9, 12, 1900, 2200),
('9_day13', 9, 13, 2000, 2300),
('9_day14', 9, 14, 1950, 2200),
('9_day15', 9, 15, 1850, 2100),
('9_day16', 9, 16, 1800, 2100),
('9_day17', 9, 17, 1750, 2000),
('9_day18', 9, 18, 1900, 2200),
('9_day19', 9, 19, 1930, 2150),
('9_day20', 9, 20, 2000, 2250),
('10_day1', 10, 1, 1700, 2000),
('10_day2', 10, 2, 1800, 2100),
('10_day3', 10, 3, 1600, 2000),
('10_day4', 10, 4, 1750, 2050),
('10_day5', 10, 5, 1900, 2150),
('10_day6', 10, 6, 1750, 2000),
('10_day7', 10, 7, 1700, 1950),
('10_day8', 10, 8, 1850, 2150),
('10_day9', 10, 9, 1900, 2200),
('10_day10', 10, 10, 1800, 2100),
('10_day11', 10, 11, 1750, 2000),
('10_day12', 10, 12, 1900, 2200),
('10_day13', 10, 13, 2000, 2300),
('10_day14', 10, 14, 1950, 2200),
('10_day15', 10, 15, 1850, 2100),
('10_day16', 10, 16, 1800, 2100),
('10_day17', 10, 17, 1750, 2000),
('10_day18', 10, 18, 1900, 2200),
('10_day19', 10, 19, 1930, 2150),
('10_day20', 10, 20, 2000, 2250);

-- T?o d? li?u cho b?ng Exercise

INSERT INTO `demo`.`exercise` (`eID`, `ID`, `Day`, `Excercise`, `Time`) VALUES
('1_day1', 1, 1, 'Running', 60),
('1_day2', 1, 2, 'Cycling', 45),
('1_day3', 1, 3, 'Swimming', 90),
('1_day4', 1, 4, 'Yoga', 30),
('1_day5', 1, 5, 'Weightlifting', 75),
('1_day6', 1, 6, 'Running', 60),
('1_day7', 1, 7, 'Cycling', 45),
('1_day8', 1, 8, 'Swimming', 90),
('1_day9', 1, 9, 'Yoga', 30),
('1_day10', 1, 10, 'Weightlifting', 75),
('1_day11', 1, 11, 'Running', 60),
('1_day12', 1, 12, 'Cycling', 45),
('1_day13', 1, 13, 'Swimming', 90),
('1_day14', 1, 14, 'Yoga', 30),
('1_day15', 1, 15, 'Weightlifting', 75),
('1_day16', 1, 16, 'Running', 60),
('1_day17', 1, 17, 'Cycling', 45),
('1_day18', 1, 18, 'Swimming', 90),
('1_day19', 1, 19, 'Yoga', 30),
('1_day20', 1, 20, 'Weightlifting', 75),
('2_day1', 2, 1, 'Running', 60),
('2_day2', 2, 2, 'Cycling', 45),
('2_day3', 2, 3, 'Swimming', 90),
('2_day4', 2, 4, 'Yoga', 30),
('2_day5', 2, 5, 'Weightlifting', 75),
('2_day6', 2, 6, 'Running', 60),
('2_day7', 2, 7, 'Cycling', 45),
('2_day8', 2, 8, 'Swimming', 90),
('2_day9', 2, 9, 'Yoga', 30),
('2_day10', 2, 10, 'Weightlifting', 75),
('2_day11', 2, 11, 'Running', 60),
('2_day12', 2, 12, 'Cycling', 45),
('2_day13', 2, 13, 'Swimming', 90),
('2_day14', 2, 14, 'Yoga', 30),
('2_day15', 2, 15, 'Weightlifting', 75),
('2_day16', 2, 16, 'Running', 60),
('2_day17', 2, 17, 'Cycling', 45),
('2_day18', 2, 18, 'Swimming', 90),
('2_day19', 2, 19, 'Yoga', 30),
('2_day20', 2, 20, 'Weightlifting', 75),
('3_day1', 3, 1, 'Running', 60),
('3_day2', 3, 2, 'Cycling', 45),
('3_day3', 3, 3, 'Swimming', 90),
('3_day4', 3, 4, 'Yoga', 30),
('3_day5', 3, 5, 'Weightlifting', 75),
('3_day6', 3, 6, 'Running', 60),
('3_day7', 3, 7, 'Cycling', 45),
('3_day8', 3, 8, 'Swimming', 90),
('3_day9', 3, 9, 'Yoga', 30),
('3_day10', 3, 10, 'Weightlifting', 75),
('3_day11', 3, 11, 'Running', 60),
('3_day12', 3, 12, 'Cycling', 45),
('3_day13', 3, 13, 'Swimming', 90),
('3_day14', 3, 14, 'Yoga', 30),
('3_day15', 3, 15, 'Weightlifting', 75),
('3_day16', 3, 16, 'Running', 60),
('3_day17', 3, 17, 'Cycling', 45),
('3_day18', 3, 18, 'Swimming', 90),
('3_day19', 3, 19, 'Yoga', 30),
('3_day20', 3, 20, 'Weightlifting', 75),
('4_day1', 4, 1, 'Running', 60),
('4_day2', 4, 2, 'Cycling', 45),
('4_day3', 4, 3, 'Swimming', 90),
('4_day4', 4, 4, 'Yoga', 30),
('4_day5', 4, 5, 'Weightlifting', 75),
('4_day6', 4, 6, 'Running', 60),
('4_day7', 4, 7, 'Cycling', 45),
('4_day8', 4, 8, 'Swimming', 90),
('4_day9', 4, 9, 'Yoga', 30),
('4_day10', 4, 10, 'Weightlifting', 75),
('4_day11', 4, 11, 'Running', 60),
('4_day12', 4, 12, 'Cycling', 45),
('4_day13', 4, 13, 'Swimming', 90),
('4_day14', 4, 14, 'Yoga', 30),
('4_day15', 4, 15, 'Weightlifting', 75),
('4_day16', 4, 16, 'Running', 60),
('4_day17', 4, 17, 'Cycling', 45),
('4_day18', 4, 18, 'Swimming', 90),
('4_day19', 4, 19, 'Yoga', 30),
('4_day20', 4, 20, 'Weightlifting', 75),
('5_day1', 5, 1, 'Running', 60),
('5_day2', 5, 2, 'Cycling', 45),
('5_day3', 5, 3, 'Swimming', 90),
('5_day4', 5, 4, 'Yoga', 30),
('5_day5', 5, 5, 'Weightlifting', 75),
('5_day6', 5, 6, 'Running', 60),
('5_day7', 5, 7, 'Cycling', 45),
('5_day8', 5, 8, 'Swimming', 90),
('5_day9', 5, 9, 'Yoga', 30),
('5_day10', 5, 10, 'Weightlifting', 75),
('5_day11', 5, 11, 'Running', 60),
('5_day12', 5, 12, 'Cycling', 45),
('5_day13', 5, 13, 'Swimming', 90),
('5_day14', 5, 14, 'Yoga', 30),
('5_day15', 5, 15, 'Weightlifting', 75),
('5_day16', 5, 16, 'Running', 60),
('5_day17', 5, 17, 'Cycling', 45),
('5_day18', 5, 18, 'Swimming', 90),
('5_day19', 5, 19, 'Yoga', 30),
('5_day20', 5, 20, 'Weightlifting', 75);
